PCTTimestampUTC,SN,CHAN,sysALARM,o3rSO2_1,o3deltaBase_1,o3deltaSpO2_1,o3AUC_1,o3deltaO2Hb_1,o3deltaHHb_1,o3deltacHb_1,o3ALARM_1,o3EXC_1,o3rSO2_2,o3deltaBase_2,o3deltaSpO2_2,o3AUC_2,o3ALARM_2,o3EXC_2
2026-02-07T11:38:16.7063216Z,2000181841,0030,00000000,077%,+---%,+---%,0000,+--.-,+--.-,+--.-,00000000,00000000,---%,+---%,+---%,----,00000000,00000000
2026-02-07T11:38:17.6992660Z,2000181841,0030,00000000,077%,+---%,+---%,0000,+--.-,+--.-,+--.-,00000000,00000000,---%,+---%,+---%,----,00000000,00000000
2026-02-07T11:38:18.6966461Z,2000181841,0030,00000000,077%,+---%,+---%,0000,+--.-,+--.-,+--.-,00000000,00000000,---%,+---%,+---%,----,00000000,00000000
2026-02-07T11:38:19.6991422Z,2000181841,0030,00000000,077%,+---%,+---%,0000,+--.-,+--.-,+--.-,00000000,00000000,---%,+---%,+---%,----,00000000,00000000
2026-02-07T11:38:20.7002646Z,2000181841,0030,00000000,077%,+---%,+---%,0000,+--.-,+--.-,+--.-,00000000,00000000,---%,+---%,+---%,----,00000000,00000000
2026-02-07T11:38:21.6984152Z,2000181841,0030,00000000,077%,+---%,+---%,0000,+--.-,+--.-,+--.-,00000000,00000000,---%,+---%,+---%,----,00000000,00000000
2026-02-07T11:38:22.6979380Z,2000181841,0030,00000000,077%,+---%,+---%,0000,+--.-,+--.-,+--.-,00000000,00000000,---%,+---%,+---%,----,00000000,00000000
2026-02-07T11:38:23.6974342Z,2000181841,0030,00000000,077%,+---%,+---%,0000,+--.-,+--.-,+--.-,00000000,00000000,---%,+---%,+---%,----,00000000,00000000
2026-02-07T11:38:24.6978599Z,2000181841,0030,00000000,077%,+---%,+---%,0000,+--.-,+--.-,+--.-,00000000,00000000,---%,+---%,+---%,----,00000000,00000000
2026-02-07T11:38:25.6981922Z,2000181841,0030,00000000,077%,+---%,+---%,0000,+--.-,+--.-,+--.-,00000000,00000000,---%,+---%,+---%,----,00000000,00000000
2026-02-07T11:38:26.6973065Z,2000181841,0030,00000000,077%,+---%,+---%,0000,+--.-,+--.-,+--.-,00000000,00000000,---%,+---%,+---%,----,00000000,00000000
2026-02-07T11:38:27.6980974Z,2000181841,0030,00000000,077%,+---%,+---%,0000,+--.-,+--.-,+--.-,00000000,00000000,---%,+---%,+---%,----,00000000,00000000
2026-02-07T11:38:28.6973039Z,2000181841,0030,00000000,077%,+---%,+---%,0000,+--.-,+--.-,+--.-,00000000,00000000,---%,+---%,+---%,----,00000000,00000000
