Time,RelativeTime,PCTimestampUTC,NOM_PULS_OXIM_SAT_O2,NOM_PLETH_PULS_RATE,NOM_PULS_OXIM_PERF_REL,NOM_PRESS_BLD_NONINV_SYS,NOM_PRESS_BLD_NONINV_DIA,NOM_PRESS_BLD_NONINV_MEAN,NOM_ECG_CARD_BEAT_RATE,NOM_ECG_V_P_C_CNT,NOM_PRESS_BLD_VEN_CENT_MEAN,NOM_PRESS_BLD_ART_ABP_MEAN,NOM_PULS_RATE
02/06/2024 16:51:17,62041600,06/02/2026 15:51:48,-,-,-,-,-,-,-,-,-,-,-
02/06/2024 16:51:18,62049792,06/02/2026 15:51:49,-,-,-,-,-,-,-,-,-,-,-
02/06/2024 16:51:19,62057984,06/02/2026 15:51:50,-,-,-,-,-,-,-,-,-,-,-
02/06/2024 16:51:20,62066176,06/02/2026 15:51:51,-,-,-,-,-,-,-,-,-,-,-
02/06/2024 16:51:21,62074368,06/02/2026 15:51:52,-,-,-,-,-,-,-,-,-,-,-
02/06/2024 16:51:22,62082560,06/02/2026 15:51:53,-,-,-,-,-,-,-,-,-,-,-
02/06/2024 16:51:23,62090752,06/02/2026 15:51:54,-,-,-,-,-,-,-,-,-,-,-
Time,RelativeTime,PCTimestampUTC,NOM_PULS_OXIM_SAT_O2,NOM_PLETH_PULS_RATE,NOM_PULS_OXIM_PERF_REL,NOM_PRESS_BLD_NONINV_SYS,NOM_PRESS_BLD_NONINV_DIA,NOM_PRESS_BLD_NONINV_MEAN,NOM_ECG_CARD_BEAT_RATE,NOM_ECG_V_P_C_CNT,NOM_PRESS_BLD_VEN_CENT_MEAN,NOM_PRESS_BLD_ART_ABP_MEAN,NOM_PULS_RATE
02/07/2024 15:07:13,3051008,07/02/2026 14:07:45,-,-,-,-,-,-,-,-,-,-,-
02/07/2024 15:07:14,3059200,07/02/2026 14:07:46,-,-,-,-,-,-,-,-,-,-,-
Time,RelativeTime,PCTimestampUTC,NOM_PULS_OXIM_SAT_O2,NOM_PLETH_PULS_RATE,NOM_PULS_OXIM_PERF_REL,NOM_PRESS_BLD_NONINV_SYS,NOM_PRESS_BLD_NONINV_DIA,NOM_PRESS_BLD_NONINV_MEAN,NOM_ECG_CARD_BEAT_RATE,NOM_ECG_V_P_C_CNT,NOM_PRESS_BLD_AORT_MEAN,NOM_PULS_RATE,NOM_PRESS_BLD_ART_ABP_MEAN,NOM_PULS_RATE,NOM_AWAY_CO2_ET,NOM_AWAY_CO2_INSP_MIN,NOM_AWAY_RESP_RATE
2024-03-09T12:19:54.824,66768128,2026-03-10T11:20:11.5697959Z,-,-,-,-,-,-,-,-,-,-,-,-,-,-,0
